Franchise_Name,Zip_Code
Atlanta N.E. GJ,30002
Atlanta N.E. GJ,30003
Atlanta N.E. GJ,30010
Atlanta N.E. GJ,30011
Atlanta N.E. GJ,30012
Atlanta N.E. GJ,30013
Atlanta N.E. GJ,30014
Atlanta N.E. GJ,30015
Atlanta N.E. GJ,30016
Atlanta N.E. GJ,30017
Atlanta N.E. GJ,30019
Atlanta N.E. GJ,30021
Atlanta N.E. GJ,30024
Atlanta N.E. GJ,30025
Atlanta N.E. GJ,30026
Atlanta N.E. GJ,30029
Atlanta N.E. GJ,30030
Atlanta N.E. GJ,30031
Atlanta N.E. GJ,30032
Atlanta N.E. GJ,30033
Atlanta N.E. GJ,30034
Atlanta N.E. GJ,30035
Atlanta N.E. GJ,30036
Atlanta N.E. GJ,30037
Atlanta N.E. GJ,30038
Atlanta N.E. GJ,30039
Atlanta N.E. GJ,30042
Atlanta N.E. GJ,30043
Atlanta N.E. GJ,30044
Atlanta N.E. GJ,30045
Atlanta N.E. GJ,30046
Atlanta N.E. GJ,30047
Atlanta N.E. GJ,30048
Atlanta N.E. GJ,30049
Atlanta N.E. GJ,30052
Atlanta N.E. GJ,30054
Atlanta N.E. GJ,30055
Atlanta N.E. GJ,30056
Atlanta N.E. GJ,30058
Atlanta N.E. GJ,30070
Atlanta N.E. GJ,30071
Atlanta N.E. GJ,30072
Atlanta N.E. GJ,30074
Atlanta N.E. GJ,30078
Atlanta N.E. GJ,30079
Atlanta N.E. GJ,30083
Atlanta N.E. GJ,30084
Atlanta N.E. GJ,30085
Atlanta N.E. GJ,30086
Atlanta N.E. GJ,30087
Atlanta N.E. GJ,30088
Atlanta N.E. GJ,30091
Atlanta N.E. GJ,30092
Atlanta N.E. GJ,30093
Atlanta N.E. GJ,30094
Atlanta N.E. GJ,30095
Atlanta N.E. GJ,30096
Atlanta N.E. GJ,30097
Atlanta N.E. GJ,30098
Atlanta N.E. GJ,30302
Atlanta N.E. GJ,30306
Atlanta N.E. GJ,30307
Atlanta N.E. GJ,30312
Atlanta N.E. GJ,30316
Atlanta N.E. GJ,30317
Atlanta N.E. GJ,30319
Atlanta N.E. GJ,30322
Atlanta N.E. GJ,30324
Atlanta N.E. GJ,30329
Atlanta N.E. GJ,30338
Atlanta N.E. GJ,30340
Atlanta N.E. GJ,30341
Atlanta N.E. GJ,30342
Atlanta N.E. GJ,30345
Atlanta N.E. GJ,30346
Atlanta N.E. GJ,30356
Atlanta N.E. GJ,30359
Atlanta N.E. GJ,30360
Atlanta N.E. GJ,30362
Atlanta N.E. GJ,30366
Atlanta N.E. GJ,30501
Atlanta N.E. GJ,30502
Atlanta N.E. GJ,30504
Atlanta N.E. GJ,30507
Atlanta N.E. GJ,30517
Atlanta N.E. GJ,30519
Atlanta N.E. GJ,30542
Atlanta N.E. GJ,30543
Atlanta N.E. GJ,30548
Atlanta N.E. GJ,30549
Atlanta N.E. GJ,30566
Atlanta N.E. GJ,30567
Atlanta N.E. GJ,30575
Atlanta N.E. GJ,30605
Atlanta N.E. GJ,30606
Atlanta N.E. GJ,30607
Atlanta N.E. GJ,30620
Atlanta N.E. GJ,30621
Atlanta N.E. GJ,30622
Atlanta N.E. GJ,30641
Atlanta N.E. GJ,30655
Atlanta N.E. GJ,30656
Atlanta N.E. GJ,30663
Atlanta N.E. GJ,30680
Atlanta N.E. GJ,31119
Atlanta N.E. GJ,31145
Atlanta N.E. GJ,31146
Atlanta N.W. GJ,30004
Atlanta N.W. GJ,30005
Atlanta N.W. GJ,30006
Atlanta N.W. GJ,30007
Atlanta N.W. GJ,30008
Atlanta N.W. GJ,30009
Atlanta N.W. GJ,30022
Atlanta N.W. GJ,30023
Atlanta N.W. GJ,30028
Atlanta N.W. GJ,30040
Atlanta N.W. GJ,30041
Atlanta N.W. GJ,30060
Atlanta N.W. GJ,30061
Atlanta N.W. GJ,30062
Atlanta N.W. GJ,30063
Atlanta N.W. GJ,30064
Atlanta N.W. GJ,30065
Atlanta N.W. GJ,30066
Atlanta N.W. GJ,30067
Atlanta N.W. GJ,30068
Atlanta N.W. GJ,30069
Atlanta N.W. GJ,30075
Atlanta N.W. GJ,30076
Atlanta N.W. GJ,30077
Atlanta N.W. GJ,30080
Atlanta N.W. GJ,30081
Atlanta N.W. GJ,30082
Atlanta N.W. GJ,30101
Atlanta N.W. GJ,30102
Atlanta N.W. GJ,30103
Atlanta N.W. GJ,30106
Atlanta N.W. GJ,30107
Atlanta N.W. GJ,30110
Atlanta N.W. GJ,30111
Atlanta N.W. GJ,30114
Atlanta N.W. GJ,30115
Atlanta N.W. GJ,30117
Atlanta N.W. GJ,30120
Atlanta N.W. GJ,30121
Atlanta N.W. GJ,30122
Atlanta N.W. GJ,30123
Atlanta N.W. GJ,30126
Atlanta N.W. GJ,30127
Atlanta N.W. GJ,30132
Atlanta N.W. GJ,30134
Atlanta N.W. GJ,30135
Atlanta N.W. GJ,30137
Atlanta N.W. GJ,30139
Atlanta N.W. GJ,30141
Atlanta N.W. GJ,30142
Atlanta N.W. GJ,30143
Atlanta N.W. GJ,30144
Atlanta N.W. GJ,30145
Atlanta N.W. GJ,30146
Atlanta N.W. GJ,30148
Atlanta N.W. GJ,30152
Atlanta N.W. GJ,30156
Atlanta N.W. GJ,30157
Atlanta N.W. GJ,30160
Atlanta N.W. GJ,30168
Atlanta N.W. GJ,30169
Atlanta N.W. GJ,30171
Atlanta N.W. GJ,30175
Atlanta N.W. GJ,30177
Atlanta N.W. GJ,30178
Atlanta N.W. GJ,30179
Atlanta N.W. GJ,30180
Atlanta N.W. GJ,30183
Atlanta N.W. GJ,30184
Atlanta N.W. GJ,30187
Atlanta N.W. GJ,30188
Atlanta N.W. GJ,30189
Atlanta N.W. GJ,30301
Atlanta N.W. GJ,30303
Atlanta N.W. GJ,30305
Atlanta N.W. GJ,30308
Atlanta N.W. GJ,30309
Atlanta N.W. GJ,30311
Atlanta N.W. GJ,30313
Atlanta N.W. GJ,30314
Atlanta N.W. GJ,30318
Atlanta N.W. GJ,30325
Atlanta N.W. GJ,30326
Atlanta N.W. GJ,30327
Atlanta N.W. GJ,30328
Atlanta N.W. GJ,30331
Atlanta N.W. GJ,30332
Atlanta N.W. GJ,30333
Atlanta N.W. GJ,30334
Atlanta N.W. GJ,30336
Atlanta N.W. GJ,30339
Atlanta N.W. GJ,30343
Atlanta N.W. GJ,30350
Atlanta N.W. GJ,30355
Atlanta N.W. GJ,30357
Atlanta N.W. GJ,30358
Atlanta N.W. GJ,30361
Atlanta N.W. GJ,30363
Atlanta N.W. GJ,30370
Atlanta N.W. GJ,30371
Atlanta N.W. GJ,30377
Atlanta N.W. GJ,30506
Atlanta N.W. GJ,30515
Atlanta N.W. GJ,30518
Atlanta N.W. GJ,30527
Atlanta N.W. GJ,30533
Atlanta N.W. GJ,30534
Atlanta N.W. GJ,30564
Atlanta N.W. GJ,31106
Atlanta N.W. GJ,31107
Atlanta N.W. GJ,31126
Atlanta N.W. GJ,31139
Atlanta N.W. GJ,31141
Atlanta N.W. GJ,31144
Atlanta N.W. GJ,31150
Atlanta N.W. GJ,31156
Atlanta N.W. GJ,31195
Atlanta N.W. GJ,31196
Atlanta Southside GJ,30109
Atlanta Southside GJ,30112
Atlanta Southside GJ,30116
Atlanta Southside GJ,30118
Atlanta Southside GJ,30119
Atlanta Southside GJ,30133
Atlanta Southside GJ,30150
Atlanta Southside GJ,30154
Atlanta Southside GJ,30185
Atlanta Southside GJ,30205
Atlanta Southside GJ,30206
Atlanta Southside GJ,30212
Atlanta Southside GJ,30213
Atlanta Southside GJ,30214
Atlanta Southside GJ,30215
Atlanta Southside GJ,30218
Atlanta Southside GJ,30220
Atlanta Southside GJ,30223
Atlanta Southside GJ,30224
Atlanta Southside GJ,30228
Atlanta Southside GJ,30229
Atlanta Southside GJ,30233
Atlanta Southside GJ,30234
Atlanta Southside GJ,30236
Atlanta Southside GJ,30237
Atlanta Southside GJ,30238
Atlanta Southside GJ,30248
Atlanta Southside GJ,30250
Atlanta Southside GJ,30251
Atlanta Southside GJ,30252
Atlanta Southside GJ,30253
Atlanta Southside GJ,30257
Atlanta Southside GJ,30259
Atlanta Southside GJ,30260
Atlanta Southside GJ,30263
Atlanta Southside GJ,30264
Atlanta Southside GJ,30265
Atlanta Southside GJ,30266
Atlanta Southside GJ,30268
Atlanta Southside GJ,30269
Atlanta Southside GJ,30270
Atlanta Southside GJ,30271
Atlanta Southside GJ,30272
Atlanta Southside GJ,30273
Atlanta Southside GJ,30274
Atlanta Southside GJ,30275
Atlanta Southside GJ,30276
Atlanta Southside GJ,30277
Atlanta Southside GJ,30281
Atlanta Southside GJ,30284
Atlanta Southside GJ,30287
Atlanta Southside GJ,30288
Atlanta Southside GJ,30289
Atlanta Southside GJ,30290
Atlanta Southside GJ,30291
Atlanta Southside GJ,30292
Atlanta Southside GJ,30294
Atlanta Southside GJ,30295
Atlanta Southside GJ,30296
Atlanta Southside GJ,30297
Atlanta Southside GJ,30298
Atlanta Southside GJ,30304
Atlanta Southside GJ,30310
Atlanta Southside GJ,30315
Atlanta Southside GJ,30320
Atlanta Southside GJ,30321
Atlanta Southside GJ,30330
Atlanta Southside GJ,30337
Atlanta Southside GJ,30344
Atlanta Southside GJ,30348
Atlanta Southside GJ,30349
Atlanta Southside GJ,30353
Atlanta Southside GJ,30354
Atlanta Southside GJ,30364
Atlanta Southside GJ,30368
Atlanta Southside GJ,30374
Atlanta Southside GJ,30375
Atlanta Southside GJ,30378
Atlanta Southside GJ,30380
Atlanta Southside GJ,30384
Atlanta Southside GJ,30385
Atlanta Southside GJ,30388
Atlanta Southside GJ,30392
Atlanta Southside GJ,30394
Atlanta Southside GJ,30396
Atlanta Southside GJ,30398
Atlanta Southside GJ,31029
Atlanta Southside GJ,31131
Atlanta Southside GJ,31136
Atlanta Southside GJ,31169
Atlanta Southside GJ,31192
Atlanta Southside GJ,31193
Atlanta Southside GJ,39901
Kansas City GJ,64001
Kansas City GJ,64011
Kansas City GJ,64012
Kansas City GJ,64014
Kansas City GJ,64015
Kansas City GJ,64016
Kansas City GJ,64017
Kansas City GJ,64019
Kansas City GJ,64020
Kansas City GJ,64021
Kansas City GJ,64022
Kansas City GJ,64024
Kansas City GJ,64029
Kansas City GJ,64030
Kansas City GJ,64034
Kansas City GJ,64036
Kansas City GJ,64037
Kansas City GJ,64040
Kansas City GJ,64048
Kansas City GJ,64050
Kansas City GJ,64052
Kansas City GJ,64053
Kansas City GJ,64054
Kansas City GJ,64055
Kansas City GJ,64056
Kansas City GJ,64057
Kansas City GJ,64058
Kansas City GJ,64060
Kansas City GJ,64061
Kansas City GJ,64062
Kansas City GJ,64063
Kansas City GJ,64064
Kansas City GJ,64066
Kansas City GJ,64067
Kansas City GJ,64068
Kansas City GJ,64069
Kansas City GJ,64070
Kansas City GJ,64071
Kansas City GJ,64072
Kansas City GJ,64073
Kansas City GJ,64074
Kansas City GJ,64075
Kansas City GJ,64076
Kansas City GJ,64077
Kansas City GJ,64078
Kansas City GJ,64079
Kansas City GJ,64080
Kansas City GJ,64081
Kansas City GJ,64082
Kansas City GJ,64083
Kansas City GJ,64084
Kansas City GJ,64085
Kansas City GJ,64086
Kansas City GJ,64088
Kansas City GJ,64089
Kansas City GJ,64090
Kansas City GJ,64092
Kansas City GJ,64093
Kansas City GJ,64096
Kansas City GJ,64097
Kansas City GJ,64101
Kansas City GJ,64102
Kansas City GJ,64105
Kansas City GJ,64106
Kansas City GJ,64108
Kansas City GJ,64109
Kansas City GJ,64110
Kansas City GJ,64111
Kansas City GJ,64112
Kansas City GJ,64113
Kansas City GJ,64114
Kansas City GJ,64116
Kansas City GJ,64117
Kansas City GJ,64118
Kansas City GJ,64119
Kansas City GJ,64120
Kansas City GJ,64123
Kansas City GJ,64124
Kansas City GJ,64125
Kansas City GJ,64126
Kansas City GJ,64127
Kansas City GJ,64128
Kansas City GJ,64129
Kansas City GJ,64130
Kansas City GJ,64131
Kansas City GJ,64132
Kansas City GJ,64133
Kansas City GJ,64134
Kansas City GJ,64136
Kansas City GJ,64137
Kansas City GJ,64138
Kansas City GJ,64139
Kansas City GJ,64145
Kansas City GJ,64146
Kansas City GJ,64147
Kansas City GJ,64149
Kansas City GJ,64150
Kansas City GJ,64151
Kansas City GJ,64152
Kansas City GJ,64153
Kansas City GJ,64154
Kansas City GJ,64155
Kansas City GJ,64156
Kansas City GJ,64157
Kansas City GJ,64158
Kansas City GJ,64161
Kansas City GJ,64163
Kansas City GJ,64164
Kansas City GJ,64165
Kansas City GJ,64166
Kansas City GJ,64167
Kansas City GJ,64465
Kansas City GJ,64701
Kansas City GJ,64725
Kansas City GJ,64734
Kansas City GJ,64739
Kansas City GJ,64742
Kansas City GJ,64743
Kansas City GJ,64746
Kansas City GJ,64747
Kansas City GJ,65301
Kansas City GJ,65305
Kansas City GJ,65336
Kansas City GJ,65337
Kansas City GJ,66002
Kansas City GJ,66006
Kansas City GJ,66007
Kansas City GJ,66012
Kansas City GJ,66013
Kansas City GJ,66018
Kansas City GJ,66019
Kansas City GJ,66021
Kansas City GJ,66025
Kansas City GJ,66026
Kansas City GJ,66030
Kansas City GJ,66031
Kansas City GJ,66036
Kansas City GJ,66043
Kansas City GJ,66044
Kansas City GJ,66045
Kansas City GJ,66046
Kansas City GJ,66047
Kansas City GJ,66048
Kansas City GJ,66049
Kansas City GJ,66051
Kansas City GJ,66052
Kansas City GJ,66053
Kansas City GJ,66061
Kansas City GJ,66062
Kansas City GJ,66063
Kansas City GJ,66064
Kansas City GJ,66067
Kansas City GJ,66071
Kansas City GJ,66083
Kansas City GJ,66085
Kansas City GJ,66086
Kansas City GJ,66092
Kansas City GJ,66101
Kansas City GJ,66102
Kansas City GJ,66103
Kansas City GJ,66104
Kansas City GJ,66105
Kansas City GJ,66106
Kansas City GJ,66109
Kansas City GJ,66111
Kansas City GJ,66112
Kansas City GJ,66113
Kansas City GJ,66115
Kansas City GJ,66118
Kansas City GJ,66160
Kansas City GJ,66201
Kansas City GJ,66202
Kansas City GJ,66203
Kansas City GJ,66204
Kansas City GJ,66205
Kansas City GJ,66206
Kansas City GJ,66207
Kansas City GJ,66208
Kansas City GJ,66209
Kansas City GJ,66210
Kansas City GJ,66211
Kansas City GJ,66212
Kansas City GJ,66213
Kansas City GJ,66214
Kansas City GJ,66215
Kansas City GJ,66216
Kansas City GJ,66217
Kansas City GJ,66218
Kansas City GJ,66219
Kansas City GJ,66220
Kansas City GJ,66221
Kansas City GJ,66223
Kansas City GJ,66224
Kansas City GJ,66226
Kansas City GJ,66227
Kansas City GJ,66297
Phoenix GJ,85001
Phoenix GJ,85002
Phoenix GJ,85003
Phoenix GJ,85004
Phoenix GJ,85005
Phoenix GJ,85006
Phoenix GJ,85007
Phoenix GJ,85008
Phoenix GJ,85009
Phoenix GJ,85010
Phoenix GJ,85011
Phoenix GJ,85012
Phoenix GJ,85013
Phoenix GJ,85014
Phoenix GJ,85015
Phoenix GJ,85016
Phoenix GJ,85017
Phoenix GJ,85018
Phoenix GJ,85019
Phoenix GJ,85020
Phoenix GJ,85021
Phoenix GJ,85022
Phoenix GJ,85023
Phoenix GJ,85024
Phoenix GJ,85026
Phoenix GJ,85027
Phoenix GJ,85028
Phoenix GJ,85029
Phoenix GJ,85030
Phoenix GJ,85031
Phoenix GJ,85032
Phoenix GJ,85033
Phoenix GJ,85034
Phoenix GJ,85035
Phoenix GJ,85036
Phoenix GJ,85037
Phoenix GJ,85038
Phoenix GJ,85039
Phoenix GJ,85040
Phoenix GJ,85041
Phoenix GJ,85042
Phoenix GJ,85043
Phoenix GJ,85044
Phoenix GJ,85045
Phoenix GJ,85046
Phoenix GJ,85048
Phoenix GJ,85050
Phoenix GJ,85051
Phoenix GJ,85053
Phoenix GJ,85054
Phoenix GJ,85060
Phoenix GJ,85061
Phoenix GJ,85062
Phoenix GJ,85063
Phoenix GJ,85064
Phoenix GJ,85065
Phoenix GJ,85067
Phoenix GJ,85068
Phoenix GJ,85069
Phoenix GJ,85070
Phoenix GJ,85071
Phoenix GJ,85072
Phoenix GJ,85073
Phoenix GJ,85074
Phoenix GJ,85075
Phoenix GJ,85076
Phoenix GJ,85078
Phoenix GJ,85079
Phoenix GJ,85080
Phoenix GJ,85082
Phoenix GJ,85083
Phoenix GJ,85085
Phoenix GJ,85086
Phoenix GJ,85104
Phoenix GJ,85117
Phoenix GJ,85118
Phoenix GJ,85119
Phoenix GJ,85120
Phoenix GJ,85122
Phoenix GJ,85123
Phoenix GJ,85127
Phoenix GJ,85128
Phoenix GJ,85130
Phoenix GJ,85131
Phoenix GJ,85132
Phoenix GJ,85135
Phoenix GJ,85137
Phoenix GJ,85138
Phoenix GJ,85139
Phoenix GJ,85140
Phoenix GJ,85142
Phoenix GJ,85143
Phoenix GJ,85147
Phoenix GJ,85172
Phoenix GJ,85173
Phoenix GJ,85178
Phoenix GJ,85190
Phoenix GJ,85192
Phoenix GJ,85193
Phoenix GJ,85194
Phoenix GJ,85201
Phoenix GJ,85202
Phoenix GJ,85203
Phoenix GJ,85204
Phoenix GJ,85205
Phoenix GJ,85206
Phoenix GJ,85207
Phoenix GJ,85208
Phoenix GJ,85209
Phoenix GJ,85210
Phoenix GJ,85211
Phoenix GJ,85212
Phoenix GJ,85213
Phoenix GJ,85214
Phoenix GJ,85215
Phoenix GJ,85216
Phoenix GJ,85217
Phoenix GJ,85218
Phoenix GJ,85219
Phoenix GJ,85220
Phoenix GJ,85222
Phoenix GJ,85224
Phoenix GJ,85225
Phoenix GJ,85226
Phoenix GJ,85227
Phoenix GJ,85228
Phoenix GJ,85233
Phoenix GJ,85234
Phoenix GJ,85236
Phoenix GJ,85238
Phoenix GJ,85239
Phoenix GJ,85240
Phoenix GJ,85242
Phoenix GJ,85243
Phoenix GJ,85244
Phoenix GJ,85246
Phoenix GJ,85248
Phoenix GJ,85249
Phoenix GJ,85250
Phoenix GJ,85251
Phoenix GJ,85252
Phoenix GJ,85253
Phoenix GJ,85254
Phoenix GJ,85255
Phoenix GJ,85256
Phoenix GJ,85257
Phoenix GJ,85258
Phoenix GJ,85259
Phoenix GJ,85260
Phoenix GJ,85261
Phoenix GJ,85262
Phoenix GJ,85263
Phoenix GJ,85264
Phoenix GJ,85266
Phoenix GJ,85267
Phoenix GJ,85268
Phoenix GJ,85269
Phoenix GJ,85271
Phoenix GJ,85274
Phoenix GJ,85275
Phoenix GJ,85277
Phoenix GJ,85278
Phoenix GJ,85280
Phoenix GJ,85281
Phoenix GJ,85282
Phoenix GJ,85283
Phoenix GJ,85284
Phoenix GJ,85285
Phoenix GJ,85286
Phoenix GJ,85287
Phoenix GJ,85290
Phoenix GJ,85294
Phoenix GJ,85295
Phoenix GJ,85296
Phoenix GJ,85297
Phoenix GJ,85298
Phoenix GJ,85299
Phoenix GJ,85301
Phoenix GJ,85302
Phoenix GJ,85303
Phoenix GJ,85304
Phoenix GJ,85305
Phoenix GJ,85306
Phoenix GJ,85307
Phoenix GJ,85308
Phoenix GJ,85309
Phoenix GJ,85310
Phoenix GJ,85311
Phoenix GJ,85312
Phoenix GJ,85313
Phoenix GJ,85318
Phoenix GJ,85322
Phoenix GJ,85323
Phoenix GJ,85326
Phoenix GJ,85327
Phoenix GJ,85329
Phoenix GJ,85331
Phoenix GJ,85335
Phoenix GJ,85337
Phoenix GJ,85338
Phoenix GJ,85339
Phoenix GJ,85340
Phoenix GJ,85343
Phoenix GJ,85345
Phoenix GJ,85351
Phoenix GJ,85353
Phoenix GJ,85354
Phoenix GJ,85355
Phoenix GJ,85363
Phoenix GJ,85372
Phoenix GJ,85373
Phoenix GJ,85374
Phoenix GJ,85375
Phoenix GJ,85376
Phoenix GJ,85377
Phoenix GJ,85378
Phoenix GJ,85379
Phoenix GJ,85380
Phoenix GJ,85381
Phoenix GJ,85382
Phoenix GJ,85383
Phoenix GJ,85385
Phoenix GJ,85387
Phoenix GJ,85388
Phoenix GJ,85392
Phoenix GJ,85395
Phoenix GJ,85396
Phoenix GJ,85539
Phoenix GJ,85618
Phoenix GJ,85631